Material Composition,A site #1,A site #2,A site #3,B site #1,B site #2,B site #3,X site,Number of elements,energy_above_hull (meV/atom),formation_energy (eV/atom),num_of_atoms_host_Asite0,host_Asite0_Heat of Vaporization,host_Bsite0_at. wt.,host_Bsite0_Ionization Energy (kJ/mol),shannon_radii_AB_avg,Density_AB_avg,BCCefflatcnt_AB_avg,BCCvolume_padiff_AB_avg,GSenergy_pa_AB_avg,ICSDVolume_AB_avg,covalent radius_AB_avg,Ionization Energy (kJ/mol)_AB_avg,Electron Affinity (kJ/mol)_AB_avg,Atomic Volume (cm³/mol)_AB_avg,MendeleevNumber_AB_avg,First Ionization Potential (V)_AB_avg,thermal conductivity_AB_avg,at. wt._AB_diff,specific heat capacity_AB_diff,electrical conductivity_AB_diff,BCCefflatcnt_AB_ratio,Ionization Energy (kJ/mol)_AB_ratio,Heat of Vaporization_AB_ratio,Asite_BCCvolume_pa_weighted_avg,Asite_BCCvolume_padiff_weighted_avg,Asite_At. Radius   (angstroms)_weighted_avg,Asite_n_ws^third_weighted_avg,Bsite_ BP (K)_weighted_avg,Bsite_At. Radius   (angstroms)_weighted_avg,Bsite_Second Ionization Potential  (V)_weighted_avg,Bsite_electrical conductivity_weighted_avg,Asite_Ionic Radius (angstroms)_max,Asite_BCCenergy_pa_max,Asite_Atomic Radius (Å)_max,Asite_At. Radius   (angstroms)_max,Asite_Atomic Volume (cm³/mol)_max,Bsite_ BP (K)_max,Bsite_At. Radius   (angstroms)_max,Bsite_First Ionization Potential (V)_max,Bsite_Third Ionization Potential  (V)_max,Asite_shannon_radii_min,Asite_BCCenergy_pa_min,Asite_BCCenergydiff_min,Asite_GSmagmom_min,Asite_At. Radius   (angstroms)_min,Bsite_MendeleevNumber_min,Bsite_n_ws^third_min,Asite_shannon_radii_range,Asite_BCCefflatcnt_range,Asite_IsBoron_weighted_avg,Asite_IsHalogen_weighted_avg,Asite_IsPnictide_weighted_avg,Asite_IsRareEarth_weighted_avg,Asite_NfUnfilled_weighted_avg,Asite_NfValence_weighted_avg,Bsite_At. #_weighted_avg,Bsite_Period_weighted_avg,Bsite_IsMetal_weighted_avg,Bsite_NdUnfilled_weighted_avg,Bsite_NpUnfilled_weighted_avg,host_Asite0_IsBCC,host_Asite0_IsCubic,host_Asite0_IsAlkali,host_Asite0_OrbitalD,host_Asite0_NsValence,host_Bsite0_At. #,host_Bsite0_IsHexagonal,host_Bsite0_IsNoblegas,Asite_IsAlkali_max,Bsite_IsMetal_max
Ba1Sr7V8O24,Ba,Sr,,V,,,O,4,29.74770732,-2.113334555,7,136.9,50.9415,650,1.020625,4.390625,7.730568141,-0.5775,-5.326081436,35.325,1.569375,596.8375,-51.75,21.58625,27.0625,6.1873125,18.044375,21.446125,-0.1005,0.3625,1.608809187,0.836423077,0.307393105,54.245,-1.155,2.48875,0.83625,3650,1.92,14.65,4,1.42,-1.67793991,2.22,2.76,39.24,3650,1.92,6.74,29.31,1.44,-1.92352226,0,0,2.45,46,1.64,0.17,0.597912362,0,0,0,0,0,0,23,4,1,7,0,0,0,0,0,2,23,0,0,1,1
Ba2Bi2Pr4Co8O24,Ba,Bi,Pr,Co,,,O,5,106.702335,-1.311862585,4,332.63,58.9332,758,0.9125,7.81,7.06658414,-0.22875,-5.470804145,26.4375,1.4225,660.525,54.75,16.1175,45.125,6.857625,56.40875,49.049125,-0.1215,-8.1125,1.566252406,0.742810026,0.659295473,41.32,-0.6525,2.4325,1.0925,3143,1.67,17.06,17.9,1.42,-1.92352226,2.22,2.76,39.24,3143,1.67,7.86,33.5,1.17,-4.64853984,0,0,1.63,58,1.75,0.44,2.235900917,0,0,0.25,0.5,5.5,5,27,4,1,3,0,0,0,0,0,2,27,1,0,1,1
Ba2Ca6Fe8O24,Ba,Ca,,Fe,,,O,4,171.6080933,-1.435607274,6,154.67,55.847,759.3,1.02075,4.967,7.17978616,-0.35625,-5.113806049,30.2375,1.485,663.6875,-53,18.1675,31.25,6.878875,117.4,4.272,0.043625,6.4875,1.583657474,0.748156196,0.432195994,43.5125,-0.7125,2.3625,0.885,3023,1.72,16.18,11.2,1.42,-1.92352226,2.22,2.76,39.24,3023,1.72,7.87,30.651,1.34,-1.92725921,0,0,2.23,55,1.77,0.27,1.674764081,0,0,0,0,0,0,26,4,1,4,0,0,0,0,0,2,26,0,0,1,1
Ba2Cd2Pr4Ni8O24,Ba,Cd,Pr,Ni,,,O,5,284.8981896,-0.868639335,4,332.63,58.6934,736.7,0.905,7.6725,6.929112707,0.078125,-4.308581836,24.5625,1.41125,670.425,61.5,15.0375,44.625,6.958125,62.875,37.097725,-0.11925,-4.7375,1.525229494,0.820076015,0.599556291,38.755,0.14625,2.4525,1.1125,3005,1.62,18.168,14.6,1.42,-0.74033904,2.22,2.76,39.24,3005,1.62,7.635,35.17,1.2,-4.64853984,0,0,1.71,61,1.75,0.41,3.25802931,0,0,0,0.5,5.5,1.5,28,4,1,2,0,0,0,0,0,2,28,0,0,1,1
Ba2Dy6Fe8O24,Ba,Dy,,Fe,,,O,4,270.0079129,-1.746806189,6,230,55.847,759.3,0.924375,7.592,7.011254716,-0.01125,-6.108765383,25.55,1.42875,657.0125,24.25,15.58,40.25,6.814,46.4125,50.18025,-0.134125,-4.8375,1.523011166,0.730574213,0.593848355,39.305,-0.0225,2.5575,1.1175,3023,1.72,16.18,11.2,1.42,-1.92352226,2.22,2.76,39.24,3023,1.72,7.87,30.651,1.083,-4.45538074,0,0,2.49,55,1.77,0.527,2.124181263,0,0,0,0.75,3,7.5,26,4,1,4,0,0,0,0,0,2,26,0,0,1,1
Ba2Gd6Fe8O24,Ba,Gd,,Fe,,,O,4,70.97342159,-1.903261754,6,311.71,55.847,759.3,0.933375,7.34825,7.055707903,0.2175,-6.128590454,26.0375,1.43625,664.5125,24.25,15.9175,38.75,6.89275,46.375,48.2115,-0.1105,-4.95,1.539007716,0.750329251,0.769191702,40.37,0.435,2.595,1.11,3023,1.72,16.18,11.2,1.42,-1.92352226,2.22,2.76,39.24,3023,1.72,7.87,30.651,1.107,-4.51068704,0,0,2.54,55,1.77,0.503,2.005639433,0,0,0,0.75,5.25,5.25,26,4,1,4,0,0,0,0,0,2,26,0,0,1,1
Ba2Ho6Fe8O24,Ba,Ho,,Fe,,,O,4,291.384616,-1.730646902,6,251.04,55.847,759.3,0.93825,7.68575,7.014745884,0.22,-6.099713791,25.3625,1.425,660.3875,24.25,15.4675,41,6.84325,48.475,51.0916125,-0.137125,-4.8375,1.524267468,0.73946398,0.638998569,39.3875,0.44,2.5425,1.1175,3023,1.72,16.18,11.2,1.42,-1.92352226,2.22,2.76,39.24,3023,1.72,7.87,30.651,1.12,-4.4347242,0,0,2.47,55,1.77,0.49,2.114871484,0,0,0,0.75,2.25,8.25,26,4,1,4,0,0,0,0,0,2,26,0,0,1,1
Ba2La6Co8O24,Ba,La,,Co,,,O,4,59.63498938,-1.663537668,6,399.57,58.9332,758,0.97625,7.205,7.172912706,0.3121875,-5.628464674,27.425,1.29625,643.65,47.25,16.02875,35,6.674,57.3625,39.7892125,-0.11375,-7.8875,1.604865962,0.69828496,0.896671578,44,0.429375,2.745,1.0875,3143,1.67,17.06,17.9,1.42,-1.92352226,2.22,2.76,39.24,3143,1.67,7.86,33.5,1.36,-4.79586452,0,0,2.74,58,1.75,0.25,1.625721722,0,0,0,0.75,0,0,27,4,1,3,0,0,0,0,1,2,27,1,0,1,1
Ba2La6Cr8O24,Ba,La,,Cr,,,O,4,16.66840972,-2.244336479,6,399.57,51.996,652.8,0.98625,6.35,7.235654015,0.2046875,-6.841128372,27.875,1.30625,591.05,44.25,16.29375,30.5,6.127,54.2125,43.2578125,-0.12775,-2.8875,1.569114158,0.810814951,0.985942563,44,0.429375,2.745,1.0875,2945,1.85,16.5,7.9,1.42,-1.92352226,2.22,2.76,39.24,2945,1.85,6.766,30.96,1.36,-4.79586452,0,0,2.74,49,1.73,0.25,1.625721722,0,0,0,0.75,0,0,24,4,1,5,0,0,0,0,1,2,24,0,0,1,1
Ba2La6Fe8O24,Ba,La,,Fe,,,O,4,0,-2.003512701,6,399.57,55.847,759.3,1.02825,6.692,7.198177044,0.2146875,-6.231012282,27.725,1.30125,644.3,24.25,16.22875,33.5,6.679,47.4625,41.3323125,-0.12775,-4.5375,1.590275463,0.697089424,0.957732475,44,0.429375,2.745,1.0875,3023,1.72,16.18,11.2,1.42,-1.92352226,2.22,2.76,39.24,3023,1.72,7.87,30.651,1.36,-4.79586452,0,0,2.74,55,1.77,0.25,1.625721722,0,0,0,0.75,0,0,26,4,1,4,0,0,0,0,1,2,26,0,0,1,1
Ba2La6Ga8O24,Ba,La,,Ga,,,O,4,94.50620971,-2.142007386,6,399.57,69.723,578.8,1.02125,5.71,7.717508022,-0.2440625,-3.594397753,31.675,1.34625,554.05,26.75,18.57875,43,5.7435,27.6625,34.3943125,-0.08875,0.1625,1.339876549,0.914478231,1.307222917,44,0.429375,2.745,1.0875,2478,1.81,20.51,1.8,1.42,-1.92352226,2.22,2.76,39.24,2478,1.81,5.999,30.71,1.36,-4.79586452,0,0,2.74,74,1.31,0.25,1.625721722,0,0,0,0.75,0,0,31,4,1,0,5,0,0,0,1,2,31,0,0,1,1
Ba2La6Mn8O24,Ba,La,,Mn,,,O,4,43.36372073,-2.058584002,6,399.57,54.938,717.4,1.02075,6.475,7.179053412,0.225894397,-6.598552727,27.975,1.30125,623.35,12.25,16.37375,32,6.4615,11.2725,41.7868125,-0.14325,0.8125,1.601295047,0.737803178,1.523288887,44,0.429375,2.745,1.0875,2235,1.79,15.64,0.5,1.42,-1.92352226,2.22,2.76,39.24,2235,1.79,7.435,33.667,1.36,-4.79586452,0,0,2.74,52,1.61,0.25,1.625721722,0,0,0,0.75,0,0,25,4,1,5,0,0,0,0,1,2,25,0,0,1,1
Ba2La6Ni8O24,Ba,La,,Ni,,,O,4,162.3085821,-1.335043043,6,399.57,58.6934,736.7,0.95125,7.205,7.163207323,0.2196875,-4.861432387,27.275,1.29125,633,67.75,15.97375,36.5,6.5615,52.7125,39.9091125,-0.12525,-6.2375,1.610542384,0.718474277,0.886695364,44,0.429375,2.745,1.0875,3005,1.62,18.168,14.6,1.42,-1.92352226,2.22,2.76,39.24,3005,1.62,7.635,35.17,1.36,-4.79586452,0,0,2.74,61,1.75,0.25,1.625721722,0,0,0,0.75,0,0,28,4,1,2,0,0,0,0,1,2,28,0,0,1,1
Ba2La6Sc8O24,Ba,La,,Sc,,,O,4,14.09444405,-3.002093623,6,399.57,44.9559,631,1.08375,4.25,7.96026777,0.1971875,-5.231026647,34.325,1.43625,580.15,21.3,20.17875,11.5,6.014,15.2625,46.7778625,-0.18725,0.3125,1.248019221,0.838827258,1.098187336,44,0.429375,2.745,1.0875,3109,2.09,12.8,1.5,1.42,-1.92352226,2.22,2.76,39.24,3109,2.09,6.54,24.76,1.36,-4.79586452,0,0,2.74,11,1.27,0.25,1.625721722,0,0,0,0.75,0,0,21,4,1,9,0,0,0,0,1,2,21,1,0,1,1
Ba2La6Ti8O24,Ba,La,,Ti,,,O,4,14.81005156,-2.830398081,6,399.57,47.88,658,1.01375,5.025,7.648669925,0.2896875,-5.975883662,30.675,1.37625,593.65,22.25,17.99875,27.5,6.154,18.3125,45.3158125,-0.16475,-0.2375,1.368437299,0.804407295,0.787223659,44,0.429375,2.745,1.0875,3560,2,13.58,2.6,1.42,-1.92352226,2.22,2.76,39.24,3560,2,6.82,27.491,1.36,-4.79586452,0,0,2.74,43,1.52,0.25,1.625721722,0,0,0,0.75,0,0,22,4,1,8,0,0,0,0,1,2,22,1,0,1,1
Ba2La6V8O24,Ba,La,,V,,,O,4,53.85203387,-2.352156953,6,399.57,50.9415,650,1.00125,5.81,7.382509153,0.2146875,-6.557900447,28.775,1.32625,589.65,37.25,17.06875,29,6.114,22.7125,43.7850625,-0.14775,-0.9375,1.491350875,0.814307692,0.749334005,44,0.429375,2.745,1.0875,3650,1.92,14.65,4,1.42,-1.92352226,2.22,2.76,39.24,3650,1.92,6.74,29.31,1.36,-4.79586452,0,0,2.74,46,1.64,0.25,1.625721722,0,0,0,0.75,0,0,23,4,1,7,0,0,0,0,1,2,23,0,0,1,1
Ba2Mg6Fe8O24,Ba,Mg,,Fe,,,O,4,515.8053305,-1.014907035,6,127.6,55.847,759.3,0.852,5.03825,6.718752418,-0.00375,-4.961534579,22.475,1.3425,719.15,-80.75,13.69375,54.125,7.45375,100.9,-1.642875,0.1835,3.15,1.417753749,0.894244699,0.374105866,33.0575,-0.0075,1.98,1.08,3023,1.72,16.18,11.2,1.42,-1.51367083,2.22,2.76,39.24,3023,1.72,7.87,30.651,0.89,-1.92352226,0,0,1.72,55,1.77,0.72,2.904187392,0,0,0,0,0,0,26,4,1,4,0,0,0,0,0,2,26,0,0,1,1
Ba2Nd6Fe8O24,Ba,Nd,,Fe,,,O,4,132.8149808,-1.819950909,6,283.68,55.847,759.3,0.9945,7.0145,7.126228797,0.06,-6.169064215,26.525,1.4475,641.2625,24.25,16.18,35.75,6.66025,48.5875,43.33275,-0.12775,-4.65,1.564384772,0.689088634,0.709041488,42.125,0.12,2.67,1.1025,3023,1.72,16.18,11.2,1.42,-1.92352226,2.22,2.76,39.24,3023,1.72,7.87,30.651,1.27,-4.6307523,0,0,2.64,55,1.77,0.34,1.817583715,0,0,0,0.75,7.5,3,26,4,1,4,0,0,0,0,0,2,26,0,0,1,1
Ba2Pr6Co8O24,Ba,Pr,,Co,,,O,4,62.49404951,-1.60742447,6,332.63,58.9332,758,0.91625,7.4375,7.127828455,0.178125,-5.57082109,26.3375,1.44625,637.9875,47.25,16.055,36.5,6.629,56.9875,40.5400375,-0.112625,-8.0375,1.588493473,0.683344327,0.762181891,42.815,0.16125,2.6925,1.1025,3143,1.67,17.06,17.9,1.42,-1.92352226,2.22,2.76,39.24,3143,1.67,7.86,33.5,1.2,-4.64853984,0,0,2.67,58,1.75,0.41,1.745946391,0,0,0,0.75,8.25,2.25,27,4,1,3,0,0,0,0,0,2,27,1,0,1,1
Ba2Pr6Cr8O24,Ba,Pr,,Cr,,,O,4,33.65498379,-2.125968031,6,332.63,51.996,652.8,0.92625,6.5825,7.190569764,0.070625,-6.783484788,26.7875,1.45625,585.3875,44.25,16.32,32,6.082,53.8375,44.0086375,-0.126625,-3.0375,1.553106402,0.793466605,0.838063328,42.815,0.16125,2.6925,1.1025,2945,1.85,16.5,7.9,1.42,-1.92352226,2.22,2.76,39.24,2945,1.85,6.766,30.96,1.2,-4.64853984,0,0,2.67,49,1.73,0.41,1.745946391,0,0,0,0.75,8.25,2.25,24,4,1,5,0,0,0,0,0,2,24,0,0,1,1
Ba2Pr6Fe8O24,Ba,Pr,,Fe,,,O,4,58.88531967,-1.881720753,6,332.63,55.847,759.3,0.96825,6.9245,7.153092794,0.080625,-6.173368698,26.6375,1.45125,638.6375,24.25,16.255,35,6.634,47.0875,42.0831375,-0.126625,-4.6875,1.574051824,0.682174371,0.814084406,42.815,0.16125,2.6925,1.1025,3023,1.72,16.18,11.2,1.42,-1.92352226,2.22,2.76,39.24,3023,1.72,7.87,30.651,1.2,-4.64853984,0,0,2.67,55,1.77,0.41,1.745946391,0,0,0,0.75,8.25,2.25,26,4,1,4,0,0,0,0,0,2,26,0,0,1,1
Ba2Pr6Ga8O24,Ba,Pr,,Ga,,,O,4,155.4650781,-2.022670188,6,332.63,69.723,578.8,0.96125,5.9425,7.672423771,-0.378125,-3.536754169,30.5875,1.49625,548.3875,26.75,18.605,44.5,5.6985,27.2875,35.1451375,-0.087625,0.0125,1.326207424,0.894911887,1.111155589,42.815,0.16125,2.6925,1.1025,2478,1.81,20.51,1.8,1.42,-1.92352226,2.22,2.76,39.24,2478,1.81,5.999,30.71,1.2,-4.64853984,0,0,2.67,74,1.31,0.41,1.745946391,0,0,0,0.75,8.25,2.25,31,4,1,0,5,0,0,0,0,2,31,0,0,1,1
Ba2Pr6Mn8O24,Ba,Pr,,Mn,,,O,4,51.30901636,-2.003141803,6,332.63,54.938,717.4,0.96075,6.7075,7.133969162,0.091831897,-6.540909143,26.8875,1.45125,617.6875,12.25,16.4,33.5,6.4165,10.8975,42.5376375,-0.142125,0.6625,1.584958988,0.722017006,1.294814326,42.815,0.16125,2.6925,1.1025,2235,1.79,15.64,0.5,1.42,-1.92352226,2.22,2.76,39.24,2235,1.79,7.435,33.667,1.2,-4.64853984,0,0,2.67,52,1.61,0.41,1.745946391,0,0,0,0.75,8.25,2.25,25,4,1,5,0,0,0,0,0,2,25,0,0,1,1
Ba2Pr6Ni8O24,Ba,Pr,,Ni,,,O,4,162.8921755,-1.281903845,6,332.63,58.6934,736.7,0.89125,7.4375,7.118123072,0.085625,-4.803788803,26.1875,1.44125,627.3375,67.75,16,38,6.5165,52.3375,40.6599375,-0.124125,-6.3875,1.594111986,0.70310167,0.753701987,42.815,0.16125,2.6925,1.1025,3005,1.62,18.168,14.6,1.42,-1.92352226,2.22,2.76,39.24,3005,1.62,7.635,35.17,1.2,-4.64853984,0,0,2.67,61,1.75,0.41,1.745946391,0,0,0,0.75,8.25,2.25,28,4,1,2,0,0,0,0,0,2,28,0,0,1,1
Ba2Pr6Sc8O24,Ba,Pr,,Sc,,,O,4,65.98496318,-2.896167925,6,332.63,44.9559,631,1.02375,4.4825,7.915183519,0.063125,-5.173383063,33.2375,1.58625,574.4875,21.3,20.205,13,5.969,14.8875,47.5286875,-0.186125,0.1625,1.235287204,0.820879556,0.933472769,42.815,0.16125,2.6925,1.1025,3109,2.09,12.8,1.5,1.42,-1.92352226,2.22,2.76,39.24,3109,2.09,6.54,24.76,1.2,-4.64853984,0,0,2.67,11,1.27,0.41,1.745946391,0,0,0,0.75,8.25,2.25,21,4,1,9,0,0,0,0,0,2,21,1,0,1,1
Ba2Pr6Ti8O24,Ba,Pr,,Ti,,,O,4,10.17451175,-2.755494882,6,332.63,47.88,658,0.95375,5.2575,7.603585674,0.155625,-5.918240078,29.5875,1.52625,587.9875,22.25,18.025,29,6.109,17.9375,46.0666375,-0.163625,-0.3875,1.354476804,0.787196049,0.669149812,42.815,0.16125,2.6925,1.1025,3560,2,13.58,2.6,1.42,-1.92352226,2.22,2.76,39.24,3560,2,6.82,27.491,1.2,-4.64853984,0,0,2.67,43,1.52,0.41,1.745946391,0,0,0,0.75,8.25,2.25,22,4,1,8,0,0,0,0,0,2,22,1,0,1,1
Ba2Pr6V8O24,Ba,Pr,,V,,,O,4,18.9735033,-2.282407505,6,332.63,50.9415,650,0.94125,6.0425,7.337424902,0.080625,-6.500256863,27.6875,1.47625,583.9875,37.25,17.095,30.5,6.069,22.3375,44.5358875,-0.146625,-1.0875,1.476136442,0.796884615,0.636943139,42.815,0.16125,2.6925,1.1025,3650,1.92,14.65,4,1.42,-1.92352226,2.22,2.76,39.24,3650,1.92,6.74,29.31,1.2,-4.64853984,0,0,2.67,46,1.64,0.41,1.745946391,0,0,0,0.75,8.25,2.25,23,4,1,7,0,0,0,0,0,2,23,0,0,1,1
Ba2Sm6Fe8O24,Ba,Sm,,Fe,,,O,4,178.2357388,-1.794980239,6,191.63,55.847,759.3,0.98325,5.417,7.084429511,0.1275,-6.150699826,26.1125,1.44,646.1375,24.25,15.93625,37.25,6.7015,47.3875,45.62775,-0.125125,-4.8375,1.549343232,0.701929409,0.511509299,41.075,0.255,2.6325,1.11,3023,1.72,16.18,11.2,1.42,-1.92352226,2.22,2.76,39.24,3023,1.72,7.87,30.651,1.24,-4.5732413,0,0,2.59,55,1.77,0.37,1.929048479,0,0,0,0.75,6,4.5,26,4,1,4,0,0,0,0,0,2,26,0,0,1,1
Ba2Sn2Pr4Ni8O24,Ba,Sn,Pr,Ni,,,O,5,276.3402685,-1.033511169,4,332.63,58.6934,736.7,0.8425,7.505,7.002965225,-0.948125,-4.702190944,25.25,1.41125,650.5375,76.625,15.4375,45.875,6.752,59.1,37.885225,-0.11975,-5.4875,1.552144131,0.766085245,0.725715232,40.15,-1.90625,2.455,1.1125,3005,1.62,18.168,14.6,1.42,-1.92352226,2.22,2.76,39.24,3005,1.62,7.635,35.17,0.81,-4.64853984,0,0,1.72,61,1.75,0.8,2.667209172,0,0,0,0.5,5.5,1.5,28,4,1,2,0,0,0,0,0,2,28,0,0,1,1
Ba2Sr6Co8O24,Ba,Sr,,Co,,,O,4,106.7457587,-1.210712992,6,136.9,58.9332,758,1.00625,5.85125,7.558341216,-0.3975,-4.411689955,34.4,1.54375,647.925,-34.5,20.8925,33.125,6.717125,53.62375,20.55715,-0.0725,-6.725,1.744835546,0.709564644,0.368939191,55.58,-0.99,2.5275,0.8325,3143,1.67,17.06,17.9,1.42,-1.67793991,2.22,2.76,39.24,3143,1.67,7.86,33.5,1.44,-1.92352226,0,0,2.45,58,1.75,0.17,0.597912362,0,0,0,0,0,0,27,4,1,3,0,0,0,0,0,2,27,1,0,1,1
Ba2Sr6Fe4Co4O24,Ba,Sr,,Fe,Co,,O,5,109.488956,-1.340597884,6,136.9,55.847,759.3,1.03225,5.59475,7.570973385,-0.44625,-4.712963759,34.55,1.54625,648.25,-46,20.9925,32.375,6.719625,48.67375,21.3287,-0.0795,-5.05,1.736867817,0.708956699,0.381087438,55.58,-0.99,2.5275,0.8325,3083,1.695,16.62,14.55,1.42,-1.67793991,2.22,2.76,39.24,3143,1.72,7.87,33.5,1.44,-1.92352226,0,0,2.45,55,1.75,0.17,0.597912362,0,0,0,0,0,0,26.5,4,1,3.5,0,0,0,0,0,2,26,0,0,1,1
Ba2Sr6Fe4Ni4O24,Ba,Sr,,Fe,Ni,,O,5,183.2712842,-1.143708571,6,136.9,55.847,759.3,1.01975,5.59475,7.566120694,-0.4925,-4.329447615,34.475,1.54375,642.925,-35.75,20.965,33.125,6.663375,46.34875,21.38865,-0.08525,-4.225,1.739920025,0.719050802,0.378885832,55.58,-0.99,2.5275,0.8325,3014,1.67,17.174,12.9,1.42,-1.67793991,2.22,2.76,39.24,3023,1.72,7.87,35.17,1.44,-1.92352226,0,0,2.45,55,1.75,0.17,0.597912362,0,0,0,0,0,0,27,4,1,3,0,0,0,0,0,2,26,0,0,1,1
Ba2Sr6Fe6Co2O24,Ba,Sr,,Fe,Co,,O,5,105.7221796,-1.410678704,6,136.9,55.847,759.3,1.04525,5.4665,7.57728947,-0.470625,-4.863600661,34.625,1.5475,648.4125,-51.75,21.0425,32,6.720875,46.19875,21.714475,-0.083,-4.2125,1.732911179,0.708653118,0.387466592,55.58,-0.99,2.5275,0.8325,3053,1.7075,16.4,12.875,1.42,-1.67793991,2.22,2.76,39.24,3143,1.72,7.87,33.5,1.44,-1.92352226,0,0,2.45,55,1.75,0.17,0.597912362,0,0,0,0,0,0,26.25,4,1,3.75,0,0,0,0,0,2,26,0,0,1,1
Ba2Sr6Fe6Ni2O24,Ba,Sr,,Fe,Ni,,O,5,135.9544601,-1.314627173,6,136.9,55.847,759.3,1.039,5.4665,7.574863124,-0.49375,-4.671842589,34.5875,1.54625,645.75,-46.625,21.02875,32.375,6.69275,45.03625,21.74445,-0.085875,-3.8,1.734429001,0.713660187,0.386325386,55.58,-0.99,2.5275,0.8325,3018.5,1.695,16.677,12.05,1.42,-1.67793991,2.22,2.76,39.24,3023,1.72,7.87,35.17,1.44,-1.92352226,0,0,2.45,55,1.75,0.17,0.597912362,0,0,0,0,0,0,26.5,4,1,3.5,0,0,0,0,0,2,26,0,0,1,1
Ba2Sr6Fe7Co1O24,Ba,Sr,,Fe,Co,,O,5,113.0606437,-1.43325399,6,136.9,55.847,759.3,1.05175,5.402375,7.580447512,-0.4828125,-4.938919112,34.6625,1.548125,648.49375,-54.625,21.0675,31.8125,6.7215,44.96125,21.9073625,-0.08475,-3.79375,1.730939612,0.708501424,0.390736932,55.58,-0.99,2.5275,0.8325,3038,1.71375,16.29,12.0375,1.42,-1.67793991,2.22,2.76,39.24,3143,1.72,7.87,33.5,1.44,-1.92352226,0,0,2.45,55,1.75,0.17,0.597912362,0,0,0,0,0,0,26.125,4,1,3.875,0,0,0,0,0,2,26,0,0,1,1
Ba2Sr6Fe7Ni1O24,Ba,Sr,,Fe,Ni,,O,5,110.2858358,-1.399373849,6,136.9,55.847,759.3,1.048625,5.402375,7.579234339,-0.494375,-4.843040076,34.64375,1.5475,647.1625,-52.0625,21.060625,32,6.7074375,44.38,21.92235,-0.0861875,-3.5875,1.731696465,0.710995076,0.390155807,55.58,-0.99,2.5275,0.8325,3020.75,1.7075,16.4285,11.625,1.42,-1.67793991,2.22,2.76,39.24,3023,1.72,7.87,35.17,1.44,-1.92352226,0,0,2.45,55,1.75,0.17,0.597912362,0,0,0,0,0,0,26.25,4,1,3.75,0,0,0,0,0,2,26,0,0,1,1
Ba2Sr6Fe8O24,Ba,Sr,,Fe,,,O,4,89.50296147,-1.479234775,6,136.9,55.847,759.3,1.05825,5.33825,7.583605554,-0.495,-5.014237563,34.7,1.54875,648.575,-57.5,21.0925,31.625,6.722125,43.72375,22.10025,-0.0865,-3.375,1.728972526,0.708349796,0.394062947,55.58,-0.99,2.5275,0.8325,3023,1.72,16.18,11.2,1.42,-1.67793991,2.22,2.76,39.24,3023,1.72,7.87,30.651,1.44,-1.92352226,0,0,2.45,55,1.77,0.17,0.597912362,0,0,0,0,0,0,26,4,1,4,0,0,0,0,0,2,26,0,0,1,1
Ba2Sr6Mn1Fe7O24,Ba,Sr,,Mn,Fe,,O,5,102.7754203,-1.49147175,6,136.9,55.847,759.3,1.0573125,5.311125,7.5812151,-0.493599138,-5.060180118,34.73125,1.54875,645.95625,-59,21.110625,31.4375,6.6949375,39.2,22.1570625,-0.0884375,-2.70625,1.730461084,0.713269789,0.413241119,55.58,-0.99,2.5275,0.8325,2924.5,1.72875,16.1125,9.8625,1.42,-1.67793991,2.22,2.76,39.24,3023,1.79,7.87,33.667,1.44,-1.92352226,0,0,2.45,52,1.61,0.17,0.597912362,0,0,0,0,0,0,25.875,4,1,4.125,0,0,0,0,0,2,26,0,0,1,1
Ba2Sr6Mn2Fe6O24,Ba,Sr,,Mn,Fe,,O,5,96.03603838,-1.519664725,6,136.9,55.847,759.3,1.056375,5.284,7.578824646,-0.492198276,-5.106122674,34.7625,1.54875,643.3375,-60.5,21.12875,31.25,6.66775,34.67625,22.213875,-0.090375,-2.0375,1.731952207,0.718258605,0.434381505,55.58,-0.99,2.5275,0.8325,2826,1.7375,16.045,8.525,1.42,-1.67793991,2.22,2.76,39.24,3023,1.79,7.87,33.667,1.44,-1.92352226,0,0,2.45,52,1.61,0.17,0.597912362,0,0,0,0,0,0,25.75,4,1,4.25,0,0,0,0,0,2,26,0,0,1,1
Ba2Sr6Mn4Fe4O24,Ba,Sr,,Mn,Fe,,O,5,86.69975106,-1.563023425,6,136.9,54.938,717.4,1.0545,5.22975,7.574043739,-0.489396552,-5.198007785,34.825,1.54875,638.1,-63.5,21.165,30.875,6.613375,25.62875,22.3275,-0.09425,-0.7,1.734942175,0.728448568,0.483890802,55.58,-0.99,2.5275,0.8325,2629,1.755,15.91,5.85,1.42,-1.67793991,2.22,2.76,39.24,3023,1.79,7.87,33.667,1.44,-1.92352226,0,0,2.45,52,1.61,0.17,0.597912362,0,0,0,0,0,0,25.5,4,1,4.5,0,0,0,0,0,2,25,0,0,1,1
Ba2Sr6Mn8O24,Ba,Sr,,Mn,,,O,4,113.8862036,-1.597024575,6,136.9,54.938,717.4,1.05075,5.12125,7.564481923,-0.483793103,-5.381778008,34.95,1.54875,627.625,-69.5,21.2375,30.125,6.504625,7.53375,22.55475,-0.102,1.975,1.74095319,0.749721216,0.626763448,55.58,-0.99,2.5275,0.8325,2235,1.79,15.64,0.5,1.42,-1.67793991,2.22,2.76,39.24,2235,1.79,7.435,33.667,1.44,-1.92352226,0,0,2.45,52,1.61,0.17,0.597912362,0,0,0,0,0,0,25,4,1,5,0,0,0,0,0,2,25,0,0,1,1
Ba2Sr6Ni8O24,Ba,Sr,,Ni,,,O,4,258.8280509,-0.801693367,6,136.9,58.6934,736.7,0.98125,5.85125,7.548635833,-0.49,-3.644657668,34.25,1.53875,637.275,-14,20.8375,34.625,6.604625,48.97375,20.67705,-0.084,-5.075,1.751007041,0.730080087,0.364834437,55.58,-0.99,2.5275,0.8325,3005,1.62,18.168,14.6,1.42,-1.67793991,2.22,2.76,39.24,3005,1.62,7.635,35.17,1.44,-1.92352226,0,0,2.45,61,1.75,0.17,0.597912362,0,0,0,0,0,0,28,4,1,2,0,0,0,0,0,2,28,0,0,1,1
Ba2Sr6V8O24,Ba,Sr,,V,,,O,4,42.13350699,-2.100668277,6,136.9,50.9415,650,1.03125,4.45625,7.767937663,-0.495,-5.341125728,35.75,1.57375,593.925,-44.5,21.9325,27.125,6.157125,18.97375,24.553,-0.1065,0.225,1.621420156,0.827461538,0.308316544,55.58,-0.99,2.5275,0.8325,3650,1.92,14.65,4,1.42,-1.67793991,2.22,2.76,39.24,3650,1.92,6.74,29.31,1.44,-1.92352226,0,0,2.45,46,1.64,0.17,0.597912362,0,0,0,0,0,0,23,4,1,7,0,0,0,0,0,2,23,0,0,1,1
Ba2Y6Co8O24,Ba,Y,,Co,,,O,4,113.4830544,-1.643965255,6,393.3,58.9332,758,0.869375,6.575,7.027355762,0.159375,-6.204859771,25.7375,1.435,672.8625,28.5,15.68,34.625,6.974,58.75,21.0393625,-0.0725,-7.925,1.552006497,0.775362797,0.884074471,40.295,0.12375,2.3925,1.11,3143,1.67,17.06,17.9,1.42,-1.92352226,2.22,2.76,39.24,3143,1.67,7.86,33.5,1.075,-6.34029752,0,0,2.27,58,1.75,0.535,2.013873573,0,0,0,0,0,0,27,4,1,3,0,0,0,0,1,2,27,1,0,1,1
Ba2Y6Cr8O24,Ba,Y,,Cr,,,O,4,101.755733,-2.163963566,6,393.3,51.996,652.8,0.879375,5.72,7.090097071,0.051875,-7.417523468,26.1875,1.445,620.2625,25.5,15.945,30.125,6.427,55.6,24.5079625,-0.0865,-2.925,1.51743225,0.900314032,0.972091311,40.295,0.12375,2.3925,1.11,2945,1.85,16.5,7.9,1.42,-1.92352226,2.22,2.76,39.24,2945,1.85,6.766,30.96,1.075,-6.34029752,0,0,2.27,49,1.73,0.535,2.013873573,0,0,0,0,0,0,24,4,1,5,0,0,0,0,1,2,24,0,0,1,1
Ba2Y6Fe8O24,Ba,Y,,Fe,,,O,4,84.72896518,-1.913356538,6,393.3,55.847,759.3,0.921375,6.062,7.0526201,0.061875,-6.807407378,26.0375,1.44,673.5125,5.5,15.88,33.125,6.979,48.85,22.5824625,-0.0865,-4.575,1.537896566,0.774035296,0.944277539,40.295,0.12375,2.3925,1.11,3023,1.72,16.18,11.2,1.42,-1.92352226,2.22,2.76,39.24,3023,1.72,7.87,30.651,1.075,-6.34029752,0,0,2.27,55,1.77,0.535,2.013873573,0,0,0,0,0,0,26,4,1,4,0,0,0,0,1,2,26,0,0,1,1
Ba2Y6Ga8O24,Ba,Y,,Ga,,,O,4,184.3874048,-2.066766973,6,393.3,69.723,578.8,0.914375,5.08,7.571951078,-0.396875,-4.170792849,29.9875,1.485,583.2625,8,18.23,42.625,6.0435,29.05,15.6444625,-0.0475,0.125,1.295745039,1.015419834,1.28885808,40.295,0.12375,2.3925,1.11,2478,1.81,20.51,1.8,1.42,-1.92352226,2.22,2.76,39.24,2478,1.81,5.999,30.71,1.075,-6.34029752,0,0,2.27,74,1.31,0.535,2.013873573,0,0,0,0,0,0,31,4,1,0,5,0,0,0,1,2,31,0,0,1,1
Ba2Y6Mn8O24,Ba,Y,,Mn,,,O,4,91.10598761,-2.029611338,6,393.3,54.938,717.4,0.913875,5.845,7.033496469,0.073081897,-7.174947823,26.2875,1.44,652.5625,-6.5,16.025,31.625,6.7615,12.66,23.0369625,-0.102,0.775,1.548553197,0.8192431,1.501888596,40.295,0.12375,2.3925,1.11,2235,1.79,15.64,0.5,1.42,-1.92352226,2.22,2.76,39.24,2235,1.79,7.435,33.667,1.075,-6.34029752,0,0,2.27,52,1.61,0.535,2.013873573,0,0,0,0,0,0,25,4,1,5,0,0,0,0,1,2,25,0,0,1,1
Ba2Y6Ni8O24,Ba,Y,,Ni,,,O,4,152.5708865,-1.38114738,6,393.3,58.6934,736.7,0.844375,6.575,7.017650379,0.066875,-5.437827483,25.5875,1.43,662.2125,49,15.625,36.125,6.8615,54.1,21.1592625,-0.084,-6.275,1.557495954,0.797780643,0.874238411,40.295,0.12375,2.3925,1.11,3005,1.62,18.168,14.6,1.42,-1.92352226,2.22,2.76,39.24,3005,1.62,7.635,35.17,1.075,-6.34029752,0,0,2.27,61,1.75,0.535,2.013873573,0,0,0,0,0,0,28,4,1,2,0,0,0,0,1,2,28,0,0,1,1
Ba2Y6Sc8O24,Ba,Y,,Sc,,,O,4,94.60256203,-2.93909071,6,393.3,44.9559,631,0.976875,3.62,7.814710826,0.044375,-5.807421743,32.6375,1.575,609.3625,2.55,19.83,11.125,6.314,16.65,28.0280125,-0.146,0.275,1.206913216,0.931418384,1.082759186,40.295,0.12375,2.3925,1.11,3109,2.09,12.8,1.5,1.42,-1.92352226,2.22,2.76,39.24,3109,2.09,6.54,24.76,1.075,-6.34029752,0,0,2.27,11,1.27,0.535,2.013873573,0,0,0,0,0,0,21,4,1,9,0,0,0,0,1,2,21,1,0,1,1
Ba2Y6Ti8O24,Ba,Y,,Ti,,,O,4,66.50124863,-2.781746417,6,393.3,47.88,658,0.906875,4.395,7.503112981,0.136875,-6.552278758,28.9875,1.515,622.8625,3.5,17.65,27.125,6.454,19.7,26.5659625,-0.1235,-0.275,1.323365084,0.893199088,0.776164158,40.295,0.12375,2.3925,1.11,3560,2,13.58,2.6,1.42,-1.92352226,2.22,2.76,39.24,3560,2,6.82,27.491,1.075,-6.34029752,0,0,2.27,43,1.52,0.535,2.013873573,0,0,0,0,0,0,22,4,1,8,0,0,0,0,1,2,22,1,0,1,1
Ba2Y6V8O24,Ba,Y,,V,,,O,4,33.0048005,-2.36963354,6,393.3,50.9415,650,0.894375,5.18,7.236952209,0.061875,-7.134295543,27.0875,1.465,618.8625,18.5,16.72,28.625,6.414,24.1,25.0352125,-0.1065,-0.975,1.442230256,0.904192308,0.738806805,40.295,0.12375,2.3925,1.11,3650,1.92,14.65,4,1.42,-1.92352226,2.22,2.76,39.24,3650,1.92,6.74,29.31,1.075,-6.34029752,0,0,2.27,46,1.64,0.535,2.013873573,0,0,0,0,0,0,23,4,1,7,0,0,0,0,1,2,23,0,0,1,1
Ba3Bi1Pr4Co8O24,Ba,Bi,Pr,Co,,,O,5,109.0334108,-1.372961253,4,332.63,58.9332,758,0.94,7.425,7.206327947,-0.03875,-5.342668386,28.15625,1.455,648,44.625,17.23875,40.3125,6.7278125,57.066875,44.570975,-0.116375,-7.99375,1.617000812,0.709762533,0.646303241,45.53,-0.2725,2.57375,1.04875,3143,1.67,17.06,17.9,1.42,-1.92352226,2.22,2.76,39.24,3143,1.67,7.86,33.5,1.17,-4.64853984,0,0,1.63,58,1.75,0.44,2.235900917,0,0,0.125,0.5,5.5,3.25,27,4,1,3,0,0,0,0,0,2,27,1,0,1,1
Ba3Bi4La1Fe8O24,Ba,Bi,La,Fe,,,O,5,171.9567027,-1.180790075,4,179,55.847,759.3,0.996375,7.432,7.147239853,-0.72421875,-5.80479784,28.7875,1.399375,683.4,32.875,17.528125,51.5,7.08325,46.36125,58.75256875,-0.143875,-4.73125,1.571945634,0.80007902,0.549417024,43.485,-1.4484375,2.1925,1.03125,3023,1.72,16.18,11.2,1.42,-1.92352226,2.22,2.76,39.24,3023,1.72,7.87,30.651,1.17,-4.79586452,0,0,1.63,55,1.77,0.44,2.235900917,0,0,0.5,0.125,0,7,26,4,1,4,0,0,0,0,0,2,26,0,0,1,1
Ba3Cd1Pr4Ni8O24,Ba,Cd,Pr,Ni,,,O,5,257.0759627,-0.96739269,4,332.63,58.6934,736.7,0.92375,7.35625,7.132739539,0.0684375,-4.378041088,27.14375,1.446875,647.625,58.25,16.67125,40.8125,6.7218125,57.975,38.655225,-0.121,-5.48125,1.599438776,0.758178363,0.612910596,44.2475,0.126875,2.58375,1.05875,3005,1.62,18.168,14.6,1.42,-0.74033904,2.22,2.76,39.24,3005,1.62,7.635,35.17,1.2,-4.64853984,0,0,1.71,61,1.75,0.41,3.25802931,0,0,0,0.5,5.5,1.5,28,4,1,2,0,0,0,0,0,2,28,0,0,1,1
Ba3Cd4La1Fe8O24,Ba,Cd,La,Fe,,,O,5,258.6653096,-1.009429826,4,99.87,55.847,759.3,1.031375,7.157,6.891707755,0.07453125,-5.014417797,25.3375,1.386875,724.5,5.375,15.478125,47.5,7.50925,68.59375,34.60996875,-0.116375,-1.28125,1.479992002,0.908336626,0.436212446,38.355,0.1490625,2.2325,1.07125,3023,1.72,16.18,11.2,1.42,-0.74033904,2.22,2.76,39.24,3023,1.72,7.87,30.651,1.31,-4.79586452,0,0,1.71,55,1.77,0.3,3.25802931,0,0,0,0.125,0,0,26,4,1,4,0,0,0,0,1,2,26,0,0,1,1
Ba3Sn1Pr4Ni8O24,Ba,Sn,Pr,Ni,,,O,5,263.8395748,-1.047629357,4,332.63,58.6934,736.7,0.8925,7.2725,7.169665798,-0.4446875,-4.574845642,27.4875,1.446875,637.68125,65.8125,16.87125,41.4375,6.61875,56.0875,39.048975,-0.12125,-5.85625,1.612896095,0.731182978,0.675990066,44.945,-0.899375,2.585,1.05875,3005,1.62,18.168,14.6,1.42,-1.92352226,2.22,2.76,39.24,3005,1.62,7.635,35.17,0.81,-4.64853984,0,0,1.72,61,1.75,0.8,2.667209172,0,0,0,0.5,5.5,1.5,28,4,1,2,0,0,0,0,0,2,28,0,0,1,1
Ba3Sn4La1Fe8O24,Ba,Sn,La,Fe,,,O,5,285.9481644,-1.230692994,4,290.37,55.847,759.3,0.906375,6.822,7.03941279,-1.97796875,-5.801636013,26.7125,1.386875,684.725,35.625,16.278125,50,7.097,61.04375,36.18496875,-0.117375,-2.78125,1.533143894,0.803569077,0.708744635,41.145,-3.9559375,2.2375,1.07125,3023,1.72,16.18,11.2,1.42,-1.92352226,2.22,2.76,39.24,3023,1.72,7.87,30.651,0.81,-4.79586452,0,0,1.72,55,1.77,0.8,2.667209172,0,0,0,0.125,0,0,26,4,1,4,0,0,0,0,0,2,26,0,0,1,1
Ba3Sr3La2Mn1Fe7O24,Ba,Sr,La,Mn,Fe,,O,6,0,-2.224516947,3,140.2,55.847,759.3,1.0579375,5.828,7.490108453,-0.174536638,-5.480815983,32.83125,1.470625,641.61875,-24.5,19.835625,32.125,6.650375,41.375625,31.674625,-0.1081875,-3.23125,1.697647986,0.701765437,0.611512842,53.055,-0.351875,2.63875,0.91375,2924.5,1.72875,16.1125,9.8625,1.42,-1.67793991,2.22,2.76,39.24,3023,1.79,7.87,33.667,1.36,-4.79586452,0,0,2.45,52,1.61,0.25,1.625721722,0,0,0,0.25,0,0,25.875,4,1,4.125,0,1,0,0,0,2,26,0,0,1,1
Ba4Ba4Mn2Fe6O24,Ba,Ba,,Mn,Fe,,O,5,271.9065975,-0.931270106,4,140.2,55.847,759.3,1.120125,5.67775,7.803041782,0.002801724,-5.196388421,37.3125,1.575,625.8625,-17,23.20625,31.625,6.486625,40.2525,40.855125,-0.126375,-2.8625,1.812776151,0.671585484,0.442187599,63.59,0,2.76,0.81,2826,1.7375,16.045,8.525,1.42,-1.92352226,2.22,2.76,39.24,3023,1.79,7.87,33.667,1.61,-1.92352226,0,0,2.76,52,1.61,0,0,0,0,0,0,0,0,25.75,4,1,4.25,0,1,0,0,0,2,26,0,0,1,1
Ba4Bi4Fe8O24,Ba,Bi,,Fe,,,O,4,187.3910463,-1.093093684,4,140.2,55.847,759.3,1.012,7.272,7.248847461,-0.76,-5.617046345,30.375,1.445,681.2,26.5,18.685,51.25,7.06025,46.6675,58.6541,-0.143,-4.675,1.608509293,0.794284209,0.456652361,46.75,-1.52,2.195,0.985,3023,1.72,16.18,11.2,1.42,-1.92352226,2.22,2.76,39.24,3023,1.72,7.87,30.651,1.17,-3.89538374,0,0,1.63,55,1.77,0.44,2.235900917,0,0,0.5,0,0,7,26,4,1,4,0,1,0,0,0,2,26,0,0,1,1
Ba4Bi4Zr7Fe1O24,Ba,Bi,,Zr,Fe,,O,5,138.8928547,-2.19333335,4,140.2,91.224,660,1.049625,6.67525,7.941055683,-0.9546875,-5.731003805,35.40625,1.5675,637.75625,37.875,21.7475,46.4375,6.390875,21.51125,43.1766625,-0.0681875,-0.78125,1.287742614,0.896919674,0.28480928,46.75,-1.52,2.195,0.985,4474.625,2.105,13.51125,3.4125,1.42,-1.92352226,2.22,2.76,39.24,4682,2.16,7.87,30.651,1.17,-3.89538374,0,0,1.63,44,1.41,0.44,2.235900917,0,0,0.5,0,0,7,38.25,4.875,1,7.5,0,1,0,0,0,2,40,1,0,1,1
Ba4Ca4Co4Ni4O24,Ba,Ca,,Co,Ni,,O,5,296.0959131,-0.941303789,4,140.2,58.9332,758,0.99,5.735,7.35901464,-0.18625,-4.124641385,32.2,1.5075,646.85,-6.75,19.6075,33.75,6.705,102.275,14.94535,-0.0035,0.4,1.677167361,0.731049709,0.392741076,50.205,-0.475,2.495,0.86,3074,1.645,17.614,16.25,1.42,-1.92352226,2.22,2.76,39.24,3143,1.67,7.86,35.17,1.34,-1.92725921,0,0,2.23,58,1.75,0.27,1.674764081,0,0,0,0,0,0,27.5,4,1,2.5,0,1,0,0,0,2,27,1,0,1,1
Ba4Ca4Co6Ni2O24,Ba,Ca,,Co,Ni,,O,5,247.6849749,-1.03976982,4,140.2,58.9332,758,0.99625,5.735,7.361440986,-0.163125,-4.316399457,32.2375,1.50875,649.5125,-11.875,19.62125,33.375,6.733125,103.4375,14.915375,-0.000625,-0.0125,1.675688246,0.725877703,0.393842661,50.205,-0.475,2.495,0.86,3108.5,1.6575,17.337,17.075,1.42,-1.92352226,2.22,2.76,39.24,3143,1.67,7.86,35.17,1.34,-1.92725921,0,0,2.23,58,1.75,0.27,1.674764081,0,0,0,0,0,0,27.25,4,1,2.75,0,1,0,0,0,2,27,1,0,1,1
Ba4Ca4Co7Ni1O24,Ba,Ca,,Co,Ni,,O,5,212.7566308,-1.099725711,4,140.2,58.9332,758,0.999375,5.735,7.362654159,-0.1515625,-4.412278493,32.25625,1.509375,650.84375,-14.4375,19.628125,33.1875,6.7471875,104.01875,14.9003875,0.0008125,-0.21875,1.674949667,0.723319046,0.394395773,50.205,-0.475,2.495,0.86,3125.75,1.66375,17.1985,17.4875,1.42,-1.92352226,2.22,2.76,39.24,3143,1.67,7.86,35.17,1.34,-1.92725921,0,0,2.23,58,1.75,0.27,1.674764081,0,0,0,0,0,0,27.125,4,1,2.875,0,1,0,0,0,2,27,1,0,1,1
Ba4Ca4Fe1Co7O24,Ba,Ca,,Fe,Co,,O,5,187.8944086,-1.181993887,4,140.2,58.9332,758,1.009,5.670875,7.367025374,-0.1521875,-4.58347598,32.3125,1.510625,652.25625,-19.875,19.66,32.8125,6.761875,103.3625,15.0782875,0.0005,-0.00625,1.672293863,0.720623877,0.39812327,50.205,-0.475,2.495,0.86,3128,1.67625,16.95,17.0625,1.42,-1.92352226,2.22,2.76,39.24,3143,1.72,7.87,33.5,1.34,-1.92725921,0,0,2.23,55,1.75,0.27,1.674764081,0,0,0,0,0,0,26.875,4,1,3.125,0,1,0,0,0,2,27,1,0,1,1
Ba4Ca4Fe1Ni7O24,Ba,Ca,,Fe,Ni,,O,5,332.2121369,-0.817964403,4,140.2,58.6934,736.7,0.987125,5.670875,7.358533164,-0.233125,-3.912322728,32.18125,1.50625,642.9375,-1.9375,19.611875,34.125,6.6634375,99.29375,15.1832,-0.0095625,1.4375,1.677461182,0.738785031,0.39421123,50.205,-0.475,2.495,0.86,3007.25,1.6325,17.9195,14.175,1.42,-1.92352226,2.22,2.76,39.24,3023,1.72,7.87,35.17,1.34,-1.92725921,0,0,2.23,55,1.75,0.27,1.674764081,0,0,0,0,0,0,27.75,4,1,2.25,0,1,0,0,0,2,28,0,0,1,1
Ba4Ca4Fe2Co6O24,Ba,Ca,,Fe,Co,,O,5,205.5640304,-1.196702672,4,140.2,58.9332,758,1.0155,5.60675,7.370183416,-0.164375,-4.658794431,32.35,1.51125,652.3375,-22.75,19.685,32.625,6.7625,102.125,15.271175,-0.00125,0.4125,1.670380377,0.720469456,0.401347489,50.205,-0.475,2.495,0.86,3113,1.6825,16.84,16.225,1.42,-1.92352226,2.22,2.76,39.24,3143,1.72,7.87,33.5,1.34,-1.92725921,0,0,2.23,55,1.75,0.27,1.674764081,0,0,0,0,0,0,26.75,4,1,3.25,0,1,0,0,0,2,27,1,0,1,1
Ba4Ca4Fe2Ni6O24,Ba,Ca,,Fe,Ni,,O,5,317.3568714,-0.902576579,4,140.2,58.6934,736.7,0.99675,5.60675,7.362904379,-0.23375,-4.083520215,32.2375,1.5075,644.35,-7.375,19.64375,33.75,6.678125,98.6375,15.3611,-0.009875,1.65,1.674797414,0.735973597,0.397935223,50.205,-0.475,2.495,0.86,3009.5,1.645,17.671,13.75,1.42,-1.92352226,2.22,2.76,39.24,3023,1.72,7.87,35.17,1.34,-1.92725921,0,0,2.23,55,1.75,0.27,1.674764081,0,0,0,0,0,0,27.5,4,1,2.5,0,1,0,0,0,2,28,0,0,1,1
Ba4Ca4Fe8O24,Ba,Ca,,Fe,,,O,4,163.1857492,-1.413634135,4,140.2,55.847,759.3,1.0545,5.222,7.38913167,-0.2375,-5.110705136,32.575,1.515,652.825,-40,19.835,31.5,6.76625,94.7,16.4285,-0.01175,2.925,1.658990789,0.719544317,0.421845494,50.205,-0.475,2.495,0.86,3023,1.72,16.18,11.2,1.42,-1.92352226,2.22,2.76,39.24,3023,1.72,7.87,30.651,1.34,-1.92725921,0,0,2.23,55,1.77,0.27,1.674764081,0,0,0,0,0,0,26,4,1,4,0,1,0,0,0,2,26,0,0,1,1
Ba4Ca4Mn1Co7O24,Ba,Ca,,Mn,Co,,O,5,180.6609581,-1.206799362,4,140.2,58.9332,758,1.0080625,5.64375,7.36463492,-0.150786638,-4.629418535,32.34375,1.510625,649.6375,-21.375,19.678125,32.625,6.7346875,98.83875,15.1351,-0.0014375,0.6625,1.673745179,0.725636684,0.416359554,50.205,-0.475,2.495,0.86,3029.5,1.685,16.8825,15.725,1.42,-1.92352226,2.22,2.76,39.24,3143,1.79,7.86,33.667,1.34,-1.92725921,0,0,2.23,52,1.61,0.27,1.674764081,0,0,0,0,0,0,26.75,4,1,3.25,0,1,0,0,0,2,27,1,0,1,1
Ba4Ca4Mn1Ni7O24,Ba,Ca,,Mn,Ni,,O,5,349.6054051,-0.823979378,4,140.2,58.6934,736.7,0.9861875,5.64375,7.35614271,-0.231724138,-3.958265284,32.2125,1.50625,640.31875,-3.4375,19.63,33.9375,6.63625,94.77,15.2400125,-0.0115,2.10625,1.678921484,0.744054611,0.412082844,50.205,-0.475,2.495,0.86,2908.75,1.64125,17.852,12.8375,1.42,-1.92352226,2.22,2.76,39.24,3005,1.79,7.635,35.17,1.34,-1.92725921,0,0,2.23,52,1.61,0.27,1.674764081,0,0,0,0,0,0,27.625,4,1,2.375,0,1,0,0,0,2,28,0,0,1,1
Ba4Ca4Mn2Co6O24,Ba,Ca,,Mn,Co,,O,5,197.1241296,-1.240286623,4,140.2,58.9332,758,1.013625,5.5525,7.365402508,-0.161573276,-4.750679542,32.4125,1.51125,647.1,-25.75,19.72125,32.25,6.708125,93.0775,15.3848,-0.005125,1.75,1.673278879,0.730560941,0.440222746,50.205,-0.475,2.495,0.86,2916,1.7,16.705,13.55,1.42,-1.92352226,2.22,2.76,39.24,3143,1.79,7.86,33.667,1.34,-1.92725921,0,0,2.23,52,1.61,0.27,1.674764081,0,0,0,0,0,0,26.5,4,1,3.5,0,1,0,0,0,2,27,1,0,1,1
Ba4Ca4Mn2Ni6O24,Ba,Ca,,Mn,Ni,,O,5,346.0879077,-0.920662029,4,140.2,58.6934,736.7,0.994875,5.5525,7.358123471,-0.230948276,-4.175405326,32.3,1.5075,639.1125,-10.375,19.68,33.375,6.62375,89.59,15.474725,-0.01375,2.9875,1.677711279,0.746507259,0.436120807,50.205,-0.475,2.495,0.86,2812.5,1.6625,17.536,11.075,1.42,-1.92352226,2.22,2.76,39.24,3005,1.79,7.635,35.17,1.34,-1.92725921,0,0,2.23,52,1.61,0.27,1.674764081,0,0,0,0,0,0,27.25,4,1,2.75,0,1,0,0,0,2,28,0,0,1,1
Ba4Ca4Mn4Co4O24,Ba,Ca,,Mn,Co,,O,5,195.6727542,-1.340436893,4,140.2,54.938,717.4,1.02475,5.37,7.366937685,-0.183146552,-4.993201555,32.55,1.5125,642.025,-34.5,19.8075,31.5,6.655,81.555,15.8842,-0.0125,3.925,1.672347057,0.740612715,0.497217726,50.205,-0.475,2.495,0.86,2689,1.73,16.35,9.2,1.42,-1.92352226,2.22,2.76,39.24,3143,1.79,7.86,33.667,1.34,-1.92725921,0,0,2.23,52,1.61,0.27,1.674764081,0,0,0,0,0,0,26,4,1,4,0,1,0,0,0,2,25,0,0,1,1
Ba4Ca4Mn4Ni4O24,Ba,Ca,,Mn,Ni,,O,5,313.7228806,-1.122276581,4,140.2,54.938,717.4,1.01225,5.37,7.362084993,-0.229396552,-4.609685411,32.475,1.51,636.7,-24.25,19.78,32.25,6.59875,79.23,15.94415,-0.01825,4.75,1.675296094,0.751461385,0.493721117,50.205,-0.475,2.495,0.86,2620,1.705,16.904,7.55,1.42,-1.92352226,2.22,2.76,39.24,3005,1.79,7.635,35.17,1.34,-1.92725921,0,0,2.23,52,1.61,0.27,1.674764081,0,0,0,0,0,0,26.5,4,1,3.5,0,1,0,0,0,2,25,0,0,1,1
Ba4Ca4Mn6Co2O24,Ba,Ca,,Mn,Co,,O,5,198.5926738,-1.432124414,4,140.2,54.938,717.4,1.035875,5.1875,7.368472862,-0.204719828,-5.235723568,32.6875,1.51375,636.95,-43.25,19.89375,30.75,6.601875,70.0325,16.3836,-0.019875,6.1,1.671416274,0.750944952,0.571165692,50.205,-0.475,2.495,0.86,2462,1.76,15.995,4.85,1.42,-1.92352226,2.22,2.76,39.24,3143,1.79,7.86,33.667,1.34,-1.92725921,0,0,2.23,52,1.61,0.27,1.674764081,0,0,0,0,0,0,25.5,4,1,4.5,0,1,0,0,0,2,25,0,0,1,1
Ba4Ca4Mn6Fe2O24,Ba,Ca,,Mn,Fe,,O,5,192.0104175,-1.503463485,4,140.2,54.938,717.4,1.048875,5.05925,7.374788946,-0.229094828,-5.38636047,32.7625,1.515,637.1125,-49,19.94375,30.375,6.603125,67.5575,16.769375,-0.023375,6.9375,1.667597681,0.750609651,0.584641922,50.205,-0.475,2.495,0.86,2432,1.7725,15.775,3.175,1.42,-1.92352226,2.22,2.76,39.24,3023,1.79,7.87,33.667,1.34,-1.92725921,0,0,2.23,52,1.61,0.27,1.674764081,0,0,0,0,0,0,25.25,4,1,4.75,0,1,0,0,0,2,25,0,0,1,1
Ba4Ca4Mn6Ni2O24,Ba,Ca,,Mn,Ni,,O,5,234.968862,-1.345693133,4,140.2,54.938,717.4,1.029625,5.1875,7.366046516,-0.227844828,-5.043965496,32.65,1.5125,634.2875,-38.125,19.88,31.125,6.57375,68.87,16.413575,-0.02275,6.5125,1.672887853,0.756481706,0.568851763,50.205,-0.475,2.495,0.86,2427.5,1.7475,16.272,4.025,1.42,-1.92352226,2.22,2.76,39.24,3005,1.79,7.635,35.17,1.34,-1.92725921,0,0,2.23,52,1.61,0.27,1.674764081,0,0,0,0,0,0,25.75,4,1,4.25,0,1,0,0,0,2,25,0,0,1,1
Ba4Ca4Mn7Co1O24,Ba,Ca,,Mn,Co,,O,5,206.6101336,-1.471410675,4,140.2,54.938,717.4,1.0414375,5.09625,7.36924045,-0.215506466,-5.356984575,32.75625,1.514375,634.4125,-47.625,19.936875,30.375,6.5753125,64.27125,16.6333,-0.0235625,7.1875,1.67095127,0.756219938,0.617050662,50.205,-0.475,2.495,0.86,2348.5,1.775,15.8175,2.675,1.42,-1.92352226,2.22,2.76,39.24,3143,1.79,7.86,33.667,1.34,-1.92725921,0,0,2.23,52,1.61,0.27,1.674764081,0,0,0,0,0,0,25.25,4,1,4.75,0,1,0,0,0,2,25,0,0,1,1
Ba4Ca4Mn7Fe1O24,Ba,Ca,,Mn,Fe,,O,5,192.7127554,-1.51768646,4,140.2,54.938,717.4,1.0479375,5.032125,7.372398492,-0.227693966,-5.432303026,32.79375,1.515,634.49375,-50.5,19.961875,30.1875,6.5759375,63.03375,16.8261875,-0.0253125,7.60625,1.669040853,0.756049887,0.62483048,50.205,-0.475,2.495,0.86,2333.5,1.78125,15.7075,1.8375,1.42,-1.92352226,2.22,2.76,39.24,3023,1.79,7.87,33.667,1.34,-1.92725921,0,0,2.23,52,1.61,0.27,1.674764081,0,0,0,0,0,0,25.125,4,1,4.875,0,1,0,0,0,2,25,0,0,1,1
Ba4Ca4Mn7Ni1O24,Ba,Ca,,Mn,Ni,,O,5,213.3332277,-1.439660034,4,140.2,54.938,717.4,1.0383125,5.09625,7.368027277,-0.227068966,-5.261105539,32.7375,1.51375,633.08125,-45.0625,19.93,30.5625,6.56125,63.69,16.6482875,-0.025,7.39375,1.671686327,0.759017105,0.61569782,50.205,-0.475,2.495,0.86,2331.25,1.76875,15.956,2.2625,1.42,-1.92352226,2.22,2.76,39.24,3005,1.79,7.635,35.17,1.34,-1.92725921,0,0,2.23,52,1.61,0.27,1.674764081,0,0,0,0,0,0,25.375,4,1,4.625,0,1,0,0,0,2,25,0,0,1,1
Ba4Ca4Ni4Co4O24,Ba,Ca,,Ni,Co,,O,5,330.9399131,-0.906459789,4,140.2,58.6934,736.7,0.99,5.735,7.35901464,-0.18625,-4.124641385,32.2,1.5075,646.85,-6.75,19.6075,33.75,6.705,102.275,14.94535,-0.0035,0.4,1.677167361,0.731049709,0.392741076,50.205,-0.475,2.495,0.86,3074,1.645,17.614,16.25,1.42,-1.92352226,2.22,2.76,39.24,3143,1.67,7.86,35.17,1.34,-1.92725921,0,0,2.23,58,1.75,0.27,1.674764081,0,0,0,0,0,0,27.5,4,1,2.5,0,1,0,0,0,2,28,0,0,1,1
Ba4Ca4Ni6Co2O24,Ba,Ca,,Ni,Co,,O,5,364.7071013,-0.822637508,4,140.2,58.6934,736.7,0.98375,5.735,7.356588294,-0.209375,-3.932883313,32.1625,1.50625,644.1875,-1.625,19.59375,34.125,6.676875,101.1125,14.975325,-0.006375,0.8125,1.678649089,0.736295947,0.391645637,50.205,-0.475,2.495,0.86,3039.5,1.6325,17.891,15.425,1.42,-1.92352226,2.22,2.76,39.24,3143,1.67,7.86,35.17,1.34,-1.92725921,0,0,2.23,58,1.75,0.27,1.674764081,0,0,0,0,0,0,27.75,4,1,2.25,0,1,0,0,0,2,28,0,0,1,1
Ba4Ca4Ni7Co1O24,Ba,Ca,,Ni,Co,,O,5,354.7377519,-0.779144367,4,140.2,58.6934,736.7,0.980625,5.735,7.355375122,-0.2209375,-3.837004277,32.14375,1.505625,642.85625,0.9375,19.586875,34.3125,6.6628125,100.53125,14.9903125,-0.0078125,1.01875,1.679390935,0.738947404,0.391100206,50.205,-0.475,2.495,0.86,3022.25,1.62625,18.0295,15.0125,1.42,-1.92352226,2.22,2.76,39.24,3143,1.67,7.86,35.17,1.34,-1.92725921,0,0,2.23,58,1.75,0.27,1.674764081,0,0,0,0,0,0,27.875,4,1,2.125,0,1,0,0,0,2,28,0,0,1,1
Ba4Cd4Fe8O24,Ba,Cd,,Fe,,,O,4,278.9846652,-0.909699185,4,140.2,55.847,759.3,1.047,6.997,6.993315363,0.03875,-4.826666301,26.925,1.4325,722.3,-1,16.635,47.25,7.48625,68.9,34.5115,-0.1155,-1.225,1.516555661,0.902541815,0.343447783,41.62,0.0775,2.235,1.025,3023,1.72,16.18,11.2,1.42,-0.74033904,2.22,2.76,39.24,3023,1.72,7.87,30.651,1.31,-1.92352226,0,0,1.71,55,1.77,0.3,3.25802931,0,0,0,0,0,0,26,4,1,4,0,1,0,0,0,2,26,0,0,1,1
Ba4Cd4Hf1Zr6Fe1O24,Ba,Cd,,Zr,Fe,Hf,O,6,98.58075515,-2.235525477,4,140.2,91.224,660,1.084,6.82525,7.679693884,-0.14875,-5.02864506,31.90625,1.554375,677.73125,7.25,19.66625,42.5,6.83625,43.7625,13.5799375,-0.0320625,2.6,1.21616878,1.022587805,0.210885086,41.62,0.0775,2.235,1.025,4498.75,2.105,13.735625,3.55,1.42,-0.74033904,2.22,2.76,39.24,4875,2.16,7.87,30.651,1.31,-1.92352226,0,0,1.71,44,1.41,0.3,3.25802931,0,0,0,0,0,0,42.25,5,1,7.5,0,1,0,0,0,2,40,1,0,1,1
Ba4Cd4Zr7Fe1O24,Ba,Cd,,Zr,Fe,,O,5,151.5536712,-2.164019601,4,140.2,91.224,660,1.084625,6.40025,7.685523585,-0.1559375,-4.940623762,31.95625,1.555,678.85625,10.375,19.6975,42.4375,6.816875,43.74375,19.0340625,-0.0406875,2.66875,1.214126247,1.019166063,0.214204774,41.62,0.0775,2.235,1.025,4474.625,2.105,13.51125,3.4125,1.42,-0.74033904,2.22,2.76,39.24,4682,2.16,7.87,30.651,1.31,-1.92352226,0,0,1.71,44,1.41,0.3,3.25802931,0,0,0,0,0,0,38.25,4.875,1,7.5,0,1,0,0,0,2,40,1,0,1,1
Ba4Ce4Mn8O24,Ba,Ce,,Mn,,,O,4,119.1141677,-1.93635119,4,140.2,54.938,717.4,1.022,6.31,7.370956259,-0.081293103,-6.185305603,30.4,1.4925,616.375,-0.5,18.6725,32,6.4055,11.36,41.8935,-0.1415,0.8,1.670830109,0.718357959,1.033039046,50.23,-0.185,2.73,1,2235,1.79,15.64,0.5,1.42,-1.92352226,2.22,2.76,39.24,2235,1.79,7.435,33.667,1.24,-4.65518148,0,0,2.7,52,1.61,0.37,1.670971195,0,0,0,0.5,6.5,0.5,25,4,1,5,0,1,0,0,0,2,25,0,0,1,1
Ba4Dy4Fe8O24,Ba,Dy,,Fe,,,O,4,236.1773154,-1.617726328,4,140.2,55.847,759.3,0.99025,6.972,7.276777374,-0.0075,-5.774011358,29.45,1.4775,648.375,11.5,18.11,37.5,6.723,47.375,47.034,-0.13025,-4.625,1.618559917,0.707822995,0.529613734,47.4,-0.015,2.625,1.015,3023,1.72,16.18,11.2,1.42,-1.92352226,2.22,2.76,39.24,3023,1.72,7.87,30.651,1.083,-4.45538074,0,0,2.49,55,1.77,0.527,2.124181263,0,0,0,0.5,2,5,26,4,1,4,0,1,0,0,0,2,26,0,0,1,1
Ba4Dy4Mn8O24,Ba,Dy,,Mn,,,O,4,137.4087125,-1.853918878,4,140.2,54.938,717.4,0.98275,6.755,7.257653742,0.003706897,-6.141551804,29.7,1.4775,627.425,-0.5,18.255,36,6.5055,11.185,47.4885,-0.14575,0.725,1.629775493,0.749163647,0.842359152,47.4,-0.015,2.625,1.015,2235,1.79,15.64,0.5,1.42,-1.92352226,2.22,2.76,39.24,2235,1.79,7.435,33.667,1.083,-4.45538074,0,0,2.49,52,1.61,0.527,2.124181263,0,0,0,0.5,2,5,25,4,1,5,0,1,0,0,0,2,25,0,0,1,1
Ba4Er4Mn8O24,Ba,Er,,Mn,,,O,4,150.9998764,-1.850509856,4,140.2,54.938,717.4,0.9775,6.885,7.246362367,0.034956897,-6.132071626,29.45,1.4725,631.675,-0.5,18.105,37,6.54575,12.085,48.6785,-0.147,0.75,1.625684118,0.761011988,0.985437335,47.135,0.0475,2.605,1.02,2235,1.79,15.64,0.5,1.42,-1.92352226,2.22,2.76,39.24,2235,1.79,7.435,33.667,1.062,-4.42187783,0,0,2.45,52,1.61,0.548,2.169346766,0,0,0,0.5,1,6,25,4,1,5,0,1,0,0,0,2,25,0,0,1,1
Ba4Gd4Co8O24,Ba,Gd,,Co,,,O,4,130.5973922,-1.453169088,4,140.2,58.9332,758,0.94425,7.3225,7.281148494,0.2425,-5.184680465,29.475,1.4775,652.725,34.5,18.135,38,6.7705,57.25,44.1784,-0.1005,-8.05,1.644172131,0.722229551,0.605290651,48.11,0.29,2.65,1.01,3143,1.67,17.06,17.9,1.42,-1.92352226,2.22,2.76,39.24,3143,1.67,7.86,33.5,1.107,-4.51068704,0,0,2.54,58,1.75,0.503,2.005639433,0,0,0,0.5,3.5,3.5,27,4,1,3,0,1,0,0,0,2,27,1,0,1,1
Ba4Gd4Fe8O24,Ba,Gd,,Fe,,,O,4,108.6668547,-1.714409621,4,140.2,55.847,759.3,0.99625,6.8095,7.306412832,0.145,-5.787228073,29.775,1.4825,653.375,11.5,18.335,36.5,6.7755,47.35,45.7215,-0.1145,-4.7,1.629224284,0.72099302,0.646509299,48.11,0.29,2.65,1.01,3023,1.72,16.18,11.2,1.42,-1.92352226,2.22,2.76,39.24,3023,1.72,7.87,30.651,1.107,-4.51068704,0,0,2.54,55,1.77,0.503,2.005639433,0,0,0,0.5,3.5,3.5,26,4,1,4,0,1,0,0,0,2,26,0,0,1,1
Ba4Gd4Mn8O24,Ba,Gd,,Mn,,,O,4,105.6931653,-1.838973671,4,140.2,54.938,717.4,0.98875,6.5925,7.2872892,0.156206897,-6.154768518,30.025,1.4825,632.425,-0.5,18.48,35,6.558,11.16,46.176,-0.13,0.65,1.640513757,0.763102871,1.028283426,48.11,0.29,2.65,1.01,2235,1.79,15.64,0.5,1.42,-1.92352226,2.22,2.76,39.24,2235,1.79,7.435,33.667,1.107,-4.51068704,0,0,2.54,52,1.61,0.503,2.005639433,0,0,0,0.5,3.5,3.5,25,4,1,5,0,1,0,0,0,2,25,0,0,1,1
Ba4Ho4Fe8O24,Ba,Ho,,Fe,,,O,4,254.2650505,-1.60510872,4,140.2,55.847,759.3,0.9995,7.0345,7.279104819,0.146666667,-5.767976964,29.325,1.475,650.625,11.5,18.035,38,6.7425,48.75,47.641575,-0.13225,-4.625,1.619397452,0.713749506,0.559713877,47.455,0.293333333,2.615,1.015,3023,1.72,16.18,11.2,1.42,-1.92352226,2.22,2.76,39.24,3023,1.72,7.87,30.651,1.12,-4.4347242,0,0,2.47,55,1.77,0.49,2.114871484,0,0,0,0.5,1.5,5.5,26,4,1,4,0,1,0,0,0,2,26,0,0,1,1
Ba4Ho4Mn8O24,Ba,Ho,,Mn,,,O,4,144.1945715,-1.85219302,4,140.2,54.938,717.4,0.992,6.8175,7.259981187,0.157873563,-6.135517409,29.575,1.475,629.675,-0.5,18.18,36.5,6.525,12.56,48.096075,-0.14775,0.725,1.630618832,0.755436298,0.890233913,47.455,0.293333333,2.615,1.015,2235,1.79,15.64,0.5,1.42,-1.92352226,2.22,2.76,39.24,2235,1.79,7.435,33.667,1.12,-4.4347242,0,0,2.47,52,1.61,0.49,2.114871484,0,0,0,0.5,1.5,5.5,25,4,1,5,0,1,0,0,0,2,25,0,0,1,1
Ba4La1Mn8Zn3O24,Ba,La,Zn,Mn,,,O,5,244.5589337,-1.296833575,4,140.2,54.938,717.4,0.96575,6.33875,6.944296636,0.084488147,-5.531634811,26.96875,1.3925,688.00625,-9.875,16.525625,42,7.130625,31.10375,27.80571875,-0.104375,3.7375,1.516232072,0.918054781,0.743077046,41.78875,0.1465625,2.29625,1.0475,2235,1.79,15.64,0.5,1.42,-1.1570915,2.22,2.76,39.24,2235,1.79,7.435,33.667,0.9,-4.79586452,0,0,1.53,52,1.61,0.71,3.961572343,0,0,0,0.125,0,0,25,4,1,5,0,1,0,0,0,2,25,0,0,1,1
Ba4La1Zn3Co8O24,Ba,La,Zn,Co,,,O,5,259.7211261,-0.920564492,4,140.2,58.9332,758,0.92125,7.06875,6.93815593,0.17078125,-4.561546758,26.41875,1.3875,708.30625,25.125,16.180625,45,7.343125,77.19375,25.80811875,-0.074875,-4.9625,1.519613295,0.868881926,0.437406242,41.78875,0.1465625,2.29625,1.0475,3143,1.67,17.06,17.9,1.42,-1.1570915,2.22,2.76,39.24,3143,1.67,7.86,33.5,0.9,-4.79586452,0,0,1.53,58,1.75,0.71,3.961572343,0,0,0,0.125,0,0,27,4,1,3,0,1,0,0,0,2,27,1,0,1,1
Ba4La1Zn3Fe8O24,Ba,La,Zn,Fe,,,O,5,253.5848549,-1.157166775,4,140.2,55.847,759.3,0.97325,6.55575,6.963420268,0.07328125,-5.164094366,26.71875,1.3925,708.95625,2.125,16.380625,43.5,7.348125,67.29375,27.35121875,-0.088875,-1.6125,1.505797864,0.867394311,0.467192418,41.78875,0.1465625,2.29625,1.0475,3023,1.72,16.18,11.2,1.42,-1.1570915,2.22,2.76,39.24,3023,1.72,7.87,30.651,0.9,-4.79586452,0,0,1.53,55,1.77,0.71,3.961572343,0,0,0,0.125,0,0,26,4,1,4,0,1,0,0,0,2,26,0,0,1,1
